AS,Attractor,Basin size,De,Interactions,C. + largo
0,00000000000000000000000000,3168,0,223,2
1,10000000000001000000010000,9216,33558544,127,3
2,01000000000000000100100110,8064,16777510,127,3
3,11000000000001000100110110,24576,50336054,127,4
4,00100000000000000000000001,3168,8388609,223,2
5,10100000000001000000010001,9216,41947153,127,3
6,01100000000000000100100111,8064,25166119,127,3
7,11100000000001000100110111,24576,58724663,127,4
8,00010000001101000000010000,24576,4247568,495,3
9,10010000001101000000010000,24576,37802000,511,3
10,01010000001101000100110100,65536,21025076,383,4
11,11010000001101000100110100,65536,54579508,383,4
12,00110000001101000000010001,24576,12636177,495,3
13,10110000001101000000010001,24576,46190609,511,3
14,01110000001101000100110101,65536,29413685,383,4
15,11110000001101000100110101,65536,62968117,383,4
16,00001000000011000001011000,9216,2109528,47,6
17,10001000000011000001011000,9216,35663960,63,5
18,01001000000001000100110110,19104,18878774,95,6
19,11001000000001000100110110,24576,52433206,127,6
20,00101000000011000001011001,9216,10498137,47,6
21,10101000000011000001011001,9216,44052569,63,5
22,01101000000001000100110111,19104,27267383,95,6
23,11101000000001000100110111,24576,60821815,127,6
24,00011000001111000001011000,24576,6352984,175,5
25,10011000001111000001011000,24576,39907416,191,5
26,01011000001101000100110100,65536,23122228,383,6
27,11011000001101000100110100,65536,56676660,383,6
28,00111000001111000001011001,24576,14741593,175,5
29,10111000001111000001011001,24576,48296025,191,5
30,01111000001101000100110101,65536,31510837,383,6
31,11111000001101000100110101,65536,65065269,383,6
32,00000100000101000000010000,24576,1069072,383,4
33,10000100000101000000010000,24576,34623504,383,4
34,01000100000101000100110100,65536,17846580,383,4
35,11000100000101000100110100,65536,51401012,383,4
36,00100100000101000000010001,24576,9457681,383,4
37,10100100000101000000010001,24576,43012113,383,4
38,01100100000101000100110101,65536,26235189,383,4
39,11100100000101000100110101,65536,59789621,383,4
40,00010100001101000000010000,24576,5296144,511,3
41,10010100001101000000010000,24576,38850576,511,3
42,01010100001101000100110100,65536,22073652,383,4
43,11010100001101000100110100,65536,55628084,383,4
44,00110100001101000000010001,24576,13684753,511,3
45,10110100001101000000010001,24576,47239185,511,3
46,01110100001101000100110101,65536,30462261,383,4
47,11110100001101000100110101,65536,64016693,383,4
48,00001100000111000001011000,24576,3174488,127,5
49,10001100000111000001011000,24576,36728920,127,5
50,01001100000101000100110100,65536,19943732,383,6
51,11001100000101000100110100,65536,53498164,383,6
52,00101100000111000001011001,24576,11563097,127,5
53,10101100000111000001011001,24576,45117529,127,5
54,01101100000101000100110101,65536,28332341,383,6
55,11101100000101000100110101,65536,61886773,383,6
56,00011100001111000001011000,24576,7401560,191,5
57,10011100001111000001011000,24576,40955992,191,5
58,01011100001101000100110100,65536,24170804,383,6
59,11011100001101000100110100,65536,57725236,383,6
60,00111100001111000001011001,24576,15790169,191,5
61,10111100001111000001011001,24576,49344601,191,5
62,01111100001101000100110101,65536,32559413,383,6
63,11111100001101000100110101,65536,66113845,383,6
64,00000010000000000000000000,3168,524288,223,2
65,10000010000000100000100010,24576,34080802,191,4
66,01000010000000000100100110,8064,17301798,127,3
67,11000010000000100000100010,24576,50858018,191,4
68,00100010000000000000000001,3168,8912897,223,2
69,10100010000000100000100011,24576,42469411,191,4
70,01100010000000000100100111,8064,25690407,127,3
71,11100010000000100000100011,24576,59246627,191,4
72,00010010001101000000010000,24576,4771856,495,3
73,10010010001100100000110000,65536,38324272,2687,3
74,01010010001101000100110100,65536,21549364,383,4
75,11010010001100100000110000,65536,55101488,2687,3
76,00110010001101000000010001,24576,13160465,495,3
77,10110010001100100000110001,65536,46712881,2687,3
78,01110010001101000100110101,65536,29937973,383,4
79,11110010001100100000110001,65536,63490097,2687,3
80,00001010000011000001011000,9216,2633816,47,6
81,10001010000010100001111000,24576,36186232,255,5
82,01001010000001000100110110,19104,19403062,95,6
83,11001010000010100001111000,24576,52963448,255,5
84,00101010000011000001011001,9216,11022425,47,6
85,10101010000010100001111001,24576,44574841,255,5
86,01101010000001000100110111,19104,27791671,95,6
87,11101010000010100001111001,24576,61352057,255,5
88,00011010001111000001011000,24576,6877272,175,5
89,10011010001110100001111000,65536,40429688,767,5
90,01011010001101000100110100,65536,23646516,383,6
91,11011010001110100001111000,65536,57206904,767,5
92,00111010001111000001011001,24576,15265881,175,5
93,10111010001110100001111001,65536,48818297,767,5
94,01111010001101000100110101,65536,32035125,383,6
95,11111010001110100001111001,65536,65595513,767,5
96,00000110000000100000100010,24576,1574946,191,4
97,10000110000000100000100010,24576,35129378,191,4
98,01000110000000100000100010,24576,18352162,191,4
99,11000110000000100000100010,24576,51906594,191,4
100,00100110000000100000100011,24576,9963555,191,4
101,10100110000000100000100011,24576,43517987,191,4
102,01100110000000100000100011,24576,26740771,191,4
103,11100110000000100000100011,24576,60295203,191,4
104,00010110001100100000110000,65536,5818416,2687,3
105,10010110001100100000110000,65536,39372848,2687,3
106,01010110001100100000110000,65536,22595632,2687,3
107,11010110001100100000110000,65536,56150064,2687,3
108,00110110001100100000110001,65536,14207025,2687,3
109,10110110001100100000110001,65536,47761457,2687,3
110,01110110001100100000110001,65536,30984241,2687,3
111,11110110001100100000110001,65536,64538673,2687,3
112,00001110000010100001111000,24576,3680376,255,5
113,10001110000010100001111000,24576,37234808,255,5
114,01001110000010100001111000,24576,20457592,255,5
115,11001110000010100001111000,24576,54012024,255,5
116,00101110000010100001111001,24576,12068985,255,5
117,10101110000010100001111001,24576,45623417,255,5
118,01101110000010100001111001,24576,28846201,255,5
119,11101110000010100001111001,24576,62400633,255,5
120,00011110001110100001111000,65536,7923832,767,5
121,10011110001110100001111000,65536,41478264,767,5
122,01011110001110100001111000,65536,24701048,767,5
123,11011110001110100001111000,65536,58255480,767,5
124,00111110001110100001111001,65536,16312441,767,5
125,10111110001110100001111001,65536,49866873,767,5
126,01111110001110100001111001,65536,33089657,767,5
127,11111110001110100001111001,65536,66644089,767,5
128,00000001000000000000000000,3168,262144,223,2
129,10000001000001000000010000,9216,33820688,127,3
130,01000001000000000100100110,8064,17039654,127,3
131,11000001000001000100110110,24576,50598198,127,4
132,00100001000000000000000001,3168,8650753,223,2
133,10100001000001000000010001,9216,42209297,127,3
134,01100001000000000100100111,8064,25428263,127,3
135,11100001000001000100110111,24576,58986807,127,4
136,00010001001101000000010000,24576,4509712,495,3
137,10010001001101000000010000,24576,38064144,511,3
138,01010001001101000100110100,65536,21287220,383,4
139,11010001001101000100110100,65536,54841652,383,4
140,00110001001101000000010001,24576,12898321,495,3
141,10110001001101000000010001,24576,46452753,511,3
142,01110001001101000100110101,65536,29675829,383,4
143,11110001001101000100110101,65536,63230261,383,4
144,00001001000011000001011000,9216,2371672,47,6
145,10001001000011000001011000,9216,35926104,63,5
146,01001001000001000100110110,19104,19140918,95,6
147,11001001000001000100110110,24576,52695350,127,6
148,00101001000011000001011001,9216,10760281,47,6
149,10101001000011000001011001,9216,44314713,63,5
150,01101001000001000100110111,19104,27529527,95,6
151,11101001000001000100110111,24576,61083959,127,6
152,00011001001111000001011000,24576,6615128,175,5
153,10011001001111000001011000,24576,40169560,191,5
154,01011001001101000100110100,65536,23384372,383,6
155,11011001001101000100110100,65536,56938804,383,6
156,00111001001111000001011001,24576,15003737,175,5
157,10111001001111000001011001,24576,48558169,191,5
158,01111001001101000100110101,65536,31772981,383,6
159,11111001001101000100110101,65536,65327413,383,6
160,00000101000101000000010000,24576,1331216,383,4
161,10000101000101000000010000,24576,34885648,383,4
162,01000101000101000100110100,65536,18108724,383,4
163,11000101000101000100110100,65536,51663156,383,4
164,00100101000101000000010001,24576,9719825,383,4
165,10100101000101000000010001,24576,43274257,383,4
166,01100101000101000100110101,65536,26497333,383,4
167,11100101000101000100110101,65536,60051765,383,4
168,00010101001101000000010000,24576,5558288,511,3
169,10010101001101000000010000,24576,39112720,511,3
170,01010101001101000100110100,65536,22335796,383,4
171,11010101001101000100110100,65536,55890228,383,4
172,00110101001101000000010001,24576,13946897,511,3
173,10110101001101000000010001,24576,47501329,511,3
174,01110101001101000100110101,65536,30724405,383,4
175,11110101001101000100110101,65536,64278837,383,4
176,00001101000111000001011000,24576,3436632,127,5
177,10001101000111000001011000,24576,36991064,127,5
178,01001101000101000100110100,65536,20205876,383,6
179,11001101000101000100110100,65536,53760308,383,6
180,00101101000111000001011001,24576,11825241,127,5
181,10101101000111000001011001,24576,45379673,127,5
182,01101101000101000100110101,65536,28594485,383,6
183,11101101000101000100110101,65536,62148917,383,6
184,00011101001111000001011000,24576,7663704,191,5
185,10011101001111000001011000,24576,41218136,191,5
186,01011101001101000100110100,65536,24432948,383,6
187,11011101001101000100110100,65536,57987380,383,6
188,00111101001111000001011001,24576,16052313,191,5
189,10111101001111000001011001,24576,49606745,191,5
190,01111101001101000100110101,65536,32821557,383,6
191,11111101001101000100110101,65536,66375989,383,6
192,00000011000000000000000000,3168,786432,223,2
193,10000011000000100000100010,24576,34342946,191,4
194,01000011000000000100100110,8064,17563942,127,3
195,11000011000000100000100010,24576,51120162,191,4
196,00100011000000000000000001,3168,9175041,223,2
197,10100011000000100000100011,24576,42731555,191,4
198,01100011000000000100100111,8064,25952551,127,3
199,11100011000000100000100011,24576,59508771,191,4
200,00010011001101000000010000,24576,5034000,495,3
201,10010011001100100000110000,65536,38586416,2687,3
202,01010011001101000100110100,65536,21811508,383,4
203,11010011001100100000110000,65536,55363632,2687,3
204,00110011001101000000010001,24576,13422609,495,3
205,10110011001100100000110001,65536,46975025,2687,3
206,01110011001101000100110101,65536,30200117,383,4
207,11110011001100100000110001,65536,63752241,2687,3
208,00001011000011000001011000,9216,2895960,47,6
209,10001011000010100001111000,24576,36448376,255,5
210,01001011000001000100110110,19104,19665206,95,6
211,11001011000010100001111000,24576,53225592,255,5
212,00101011000011000001011001,9216,11284569,47,6
213,10101011000010100001111001,24576,44836985,255,5
214,01101011000001000100110111,19104,28053815,95,6
215,11101011000010100001111001,24576,61614201,255,5
216,00011011001111000001011000,24576,7139416,175,5
217,10011011001110100001111000,65536,40691832,767,5
218,01011011001101000100110100,65536,23908660,383,6
219,11011011001110100001111000,65536,57469048,767,5
220,00111011001111000001011001,24576,15528025,175,5
221,10111011001110100001111001,65536,49080441,767,5
222,01111011001101000100110101,65536,32297269,383,6
223,11111011001110100001111001,65536,65857657,767,5
224,00000111000000100000100010,24576,1837090,191,4
225,10000111000000100000100010,24576,35391522,191,4
226,01000111000000100000100010,24576,18614306,191,4
227,11000111000000100000100010,24576,52168738,191,4
228,00100111000000100000100011,24576,10225699,191,4
229,10100111000000100000100011,24576,43780131,191,4
230,01100111000000100000100011,24576,27002915,191,4
231,11100111000000100000100011,24576,60557347,191,4
232,00010111001100100000110000,65536,6080560,2687,3
233,10010111001100100000110000,65536,39634992,2687,3
234,01010111001100100000110000,65536,22857776,2687,3
235,11010111001100100000110000,65536,56412208,2687,3
236,00110111001100100000110001,65536,14469169,2687,3
237,10110111001100100000110001,65536,48023601,2687,3
238,01110111001100100000110001,65536,31246385,2687,3
239,11110111001100100000110001,65536,64800817,2687,3
240,00001111000010100001111000,24576,3942520,255,5
241,10001111000010100001111000,24576,37496952,255,5
242,01001111000010100001111000,24576,20719736,255,5
243,11001111000010100001111000,24576,54274168,255,5
244,00101111000010100001111001,24576,12331129,255,5
245,10101111000010100001111001,24576,45885561,255,5
246,01101111000010100001111001,24576,29108345,255,5
247,11101111000010100001111001,24576,62662777,255,5
248,00011111001110100001111000,65536,8185976,767,5
249,10011111001110100001111000,65536,41740408,767,5
250,01011111001110100001111000,65536,24963192,767,5
251,11011111001110100001111000,65536,58517624,767,5
252,00111111001110100001111001,65536,16574585,767,5
253,10111111001110100001111001,65536,50129017,767,5
254,01111111001110100001111001,65536,33351801,767,5
255,11111111001110100001111001,65536,66906233,767,5
256,00000000100000000000000000,3168,131072,223,2
257,10000000100001000000010000,9216,33689616,127,3
258,01000000100000000100100110,8064,16908582,127,3
259,11000000100001000100110110,24576,50467126,127,4
260,00100000100000000000000001,3168,8519681,223,2
261,10100000100001000000010001,9216,42078225,127,3
262,01100000100000000100100111,8064,25297191,127,3
263,11100000100001000100110111,24576,58855735,127,4
264,00010000101101000000010000,24576,4378640,495,3
265,10010000101101000000010000,24576,37933072,511,3
266,01010000101101000100110100,65536,21156148,383,4
267,11010000101101000100110100,65536,54710580,383,4
268,00110000101101000000010001,24576,12767249,495,3
269,10110000101101000000010001,24576,46321681,511,3
270,01110000101101000100110101,65536,29544757,383,4
271,11110000101101000100110101,65536,63099189,383,4
272,00001000100011000001011000,9216,2240600,47,6
273,10001000100011000001011000,9216,35795032,63,5
274,01001000100001000100110110,19104,19009846,95,6
275,11001000100001000100110110,24576,52564278,127,6
276,00101000100011000001011001,9216,10629209,47,6
277,10101000100011000001011001,9216,44183641,63,5
278,01101000100001000100110111,19104,27398455,95,6
279,11101000100001000100110111,24576,60952887,127,6
280,00011000101111000001011000,24576,6484056,175,5
281,10011000101111000001011000,24576,40038488,191,5
282,01011000101101000100110100,65536,23253300,383,6
283,11011000101101000100110100,65536,56807732,383,6
284,00111000101111000001011001,24576,14872665,175,5
285,10111000101111000001011001,24576,48427097,191,5
286,01111000101101000100110101,65536,31641909,383,6
287,11111000101101000100110101,65536,65196341,383,6
288,00000100100101000000010000,24576,1200144,383,4
289,10000100100101000000010000,24576,34754576,383,4
290,01000100100101000100110100,65536,17977652,383,4
291,11000100100101000100110100,65536,51532084,383,4
292,00100100100101000000010001,24576,9588753,383,4
293,10100100100101000000010001,24576,43143185,383,4
294,01100100100101000100110101,65536,26366261,383,4
295,11100100100101000100110101,65536,59920693,383,4
296,00010100101101000000010000,24576,5427216,511,3
297,10010100101101000000010000,24576,38981648,511,3
298,01010100101101000100110100,65536,22204724,383,4
299,11010100101101000100110100,65536,55759156,383,4
300,00110100101101000000010001,24576,13815825,511,3
301,10110100101101000000010001,24576,47370257,511,3
302,01110100101101000100110101,65536,30593333,383,4
303,11110100101101000100110101,65536,64147765,383,4
304,00001100100111000001011000,24576,3305560,127,5
305,10001100100111000001011000,24576,36859992,127,5
306,01001100100101000100110100,65536,20074804,383,6
307,11001100100101000100110100,65536,53629236,383,6
308,00101100100111000001011001,24576,11694169,127,5
309,10101100100111000001011001,24576,45248601,127,5
310,01101100100101000100110101,65536,28463413,383,6
311,11101100100101000100110101,65536,62017845,383,6
312,00011100101111000001011000,24576,7532632,191,5
313,10011100101111000001011000,24576,41087064,191,5
314,01011100101101000100110100,65536,24301876,383,6
315,11011100101101000100110100,65536,57856308,383,6
316,00111100101111000001011001,24576,15921241,191,5
317,10111100101111000001011001,24576,49475673,191,5
318,01111100101101000100110101,65536,32690485,383,6
319,11111100101101000100110101,65536,66244917,383,6
320,00000010100000000000000000,3168,655360,223,2
321,10000010100000100000100010,24576,34211874,191,4
322,01000010100000000100100110,8064,17432870,127,3
323,11000010100000100000100010,24576,50989090,191,4
324,00100010100000000000000001,3168,9043969,223,2
325,10100010100000100000100011,24576,42600483,191,4
326,01100010100000000100100111,8064,25821479,127,3
327,11100010100000100000100011,24576,59377699,191,4
328,00010010101101000000010000,24576,4902928,495,3
329,10010010101100100000110000,65536,38455344,2687,3
330,01010010101101000100110100,65536,21680436,383,4
331,11010010101100100000110000,65536,55232560,2687,3
332,00110010101101000000010001,24576,13291537,495,3
333,10110010101100100000110001,65536,46843953,2687,3
334,01110010101101000100110101,65536,30069045,383,4
335,11110010101100100000110001,65536,63621169,2687,3
336,00001010100011000001011000,9216,2764888,47,6
337,10001010100010100001111000,24576,36317304,255,5
338,01001010100001000100110110,19104,19534134,95,6
339,11001010100010100001111000,24576,53094520,255,5
340,00101010100011000001011001,9216,11153497,47,6
341,10101010100010100001111001,24576,44705913,255,5
342,01101010100001000100110111,19104,27922743,95,6
343,11101010100010100001111001,24576,61483129,255,5
344,00011010101111000001011000,24576,7008344,175,5
345,10011010101110100001111000,65536,40560760,767,5
346,01011010101101000100110100,65536,23777588,383,6
347,11011010101110100001111000,65536,57337976,767,5
348,00111010101111000001011001,24576,15396953,175,5
349,10111010101110100001111001,65536,48949369,767,5
350,01111010101101000100110101,65536,32166197,383,6
351,11111010101110100001111001,65536,65726585,767,5
352,00000110100000100000100010,24576,1706018,191,4
353,10000110100000100000100010,24576,35260450,191,4
354,01000110100000100000100010,24576,18483234,191,4
355,11000110100000100000100010,24576,52037666,191,4
356,00100110100000100000100011,24576,10094627,191,4
357,10100110100000100000100011,24576,43649059,191,4
358,01100110100000100000100011,24576,26871843,191,4
359,11100110100000100000100011,24576,60426275,191,4
360,00010110101100100000110000,65536,5949488,2687,3
361,10010110101100100000110000,65536,39503920,2687,3
362,01010110101100100000110000,65536,22726704,2687,3
363,11010110101100100000110000,65536,56281136,2687,3
364,00110110101100100000110001,65536,14338097,2687,3
365,10110110101100100000110001,65536,47892529,2687,3
366,01110110101100100000110001,65536,31115313,2687,3
367,11110110101100100000110001,65536,64669745,2687,3
368,00001110100010100001111000,24576,3811448,255,5
369,10001110100010100001111000,24576,37365880,255,5
370,01001110100010100001111000,24576,20588664,255,5
371,11001110100010100001111000,24576,54143096,255,5
372,00101110100010100001111001,24576,12200057,255,5
373,10101110100010100001111001,24576,45754489,255,5
374,01101110100010100001111001,24576,28977273,255,5
375,11101110100010100001111001,24576,62531705,255,5
376,00011110101110100001111000,65536,8054904,767,5
377,10011110101110100001111000,65536,41609336,767,5
378,01011110101110100001111000,65536,24832120,767,5
379,11011110101110100001111000,65536,58386552,767,5
380,00111110101110100001111001,65536,16443513,767,5
381,10111110101110100001111001,65536,49997945,767,5
382,01111110101110100001111001,65536,33220729,767,5
383,11111110101110100001111001,65536,66775161,767,5
384,00000001100000111010000010,65536,396930,127,4
385,10000001100000111010000010,65536,33951362,127,4
386,01000001100000111010000010,65536,17174146,127,4
387,11000001100000111010000010,65536,50728578,127,4
388,00100001100000111010000011,65536,8785539,127,4
389,10100001100000111010000011,65536,42339971,127,4
390,01100001100000111010000011,65536,25562755,127,4
391,11100001100000111010000011,65536,59117187,127,4
392,00010001101100111010010000,65536,4640400,1743,3
393,10010001101100111010010000,65536,38194832,1727,3
394,01010001101100111010010000,65536,21417616,1407,3
395,11010001101100111010010000,65536,54972048,1407,3
396,00110001101100111010010001,65536,13029009,1743,3
397,10110001101100111010010001,65536,46583441,1727,3
398,01110001101100111010010001,65536,29806225,1407,3
399,11110001101100111010010001,65536,63360657,1407,3
400,00001001100000111010000010,65536,2494082,63,5
401,10001001100000111010000010,65536,36048514,63,5
402,01001001100000111010000010,65536,19271298,63,5
403,11001001100000111010000010,65536,52825730,63,5
404,00101001100000111010000011,65536,10882691,63,5
405,10101001100000111010000011,65536,44437123,63,5
406,01101001100000111010000011,65536,27659907,63,5
407,11101001100000111010000011,65536,61214339,63,5
408,00011001101100111010010000,65536,6737552,1199,4
409,10011001101100111010010000,65536,40291984,1183,4
410,01011001101100111010010000,65536,23514768,959,4
411,11011001101100111010010000,65536,57069200,959,4
412,00111001101100111010010001,65536,15126161,1199,4
413,10111001101100111010010001,65536,48680593,1183,4
414,01111001101100111010010001,65536,31903377,959,4
415,11111001101100111010010001,65536,65457809,959,4
416,00000101100000111010000010,65536,1445506,63,4
417,10000101100000111010000010,65536,34999938,63,4
418,01000101100000111010000010,65536,18222722,63,4
419,11000101100000111010000010,65536,51777154,63,4
420,00100101100000111010000011,65536,9834115,63,4
421,10100101100000111010000011,65536,43388547,63,4
422,01100101100000111010000011,65536,26611331,63,4
423,11100101100000111010000011,65536,60165763,63,4
424,00010101101100111010010000,65536,5688976,1727,3
425,10010101101100111010010000,65536,39243408,1727,3
426,01010101101100111010010000,65536,22466192,1407,3
427,11010101101100111010010000,65536,56020624,1407,3
428,00110101101100111010010001,65536,14077585,1727,3
429,10110101101100111010010001,65536,47632017,1727,3
430,01110101101100111010010001,65536,30854801,1407,3
431,11110101101100111010010001,65536,64409233,1407,3
432,00001101100000111010000010,65536,3542658,31,5
433,10001101100000111010000010,65536,37097090,31,5
434,01001101100000111010000010,65536,20319874,31,5
435,11001101100000111010000010,65536,53874306,31,5
436,00101101100000111010000011,65536,11931267,31,5
437,10101101100000111010000011,65536,45485699,31,5
438,01101101100000111010000011,65536,28708483,31,5
439,11101101100000111010000011,65536,62262915,31,5
440,00011101101100111010010000,65536,7786128,1183,4
441,10011101101100111010010000,65536,41340560,1183,4
442,01011101101100111010010000,65536,24563344,959,4
443,11011101101100111010010000,65536,58117776,959,4
444,00111101101100111010010001,65536,16174737,1183,4
445,10111101101100111010010001,65536,49729169,1183,4
446,01111101101100111010010001,65536,32951953,959,4
447,11111101101100111010010001,65536,66506385,959,4
448,00000011100000111010000010,65536,921218,127,4
449,10000011100000111010100010,65536,34475682,383,4
450,01000011100000111010000010,65536,17698434,127,4
451,11000011100000111010100010,65536,51252898,383,4
452,00100011100000111010000011,65536,9309827,127,4
453,10100011100000111010100011,65536,42864291,383,4
454,01100011100000111010000011,65536,26087043,127,4
455,11100011100000111010100011,65536,59641507,383,4
456,00010011101100111010010000,65536,5164688,1743,3
457,10010011101100111010110000,65536,38719152,4223,3
458,01010011101100111010010000,65536,21941904,1407,3
459,11010011101100111010110000,65536,55496368,4223,3
460,00110011101100111010010001,65536,13553297,1743,3
461,10110011101100111010110001,65536,47107761,4223,3
462,01110011101100111010010001,65536,30330513,1407,3
463,11110011101100111010110001,65536,63884977,4223,3
464,00001011100000111010000010,65536,3018370,63,5
465,10001011100000111010100010,65536,36572834,319,5
466,01001011100000111010000010,65536,19795586,63,5
467,11001011100000111010100010,65536,53350050,319,5
468,00101011100000111010000011,65536,11406979,63,5
469,10101011100000111010100011,65536,44961443,319,5
470,01101011100000111010000011,65536,28184195,63,5
471,11101011100000111010100011,65536,61738659,319,5
472,00011011101100111010010000,65536,7261840,1199,4
473,10011011101100111010110000,65536,40816304,3263,4
474,01011011101100111010010000,65536,24039056,959,4
475,11011011101100111010110000,65536,57593520,3263,4
476,00111011101100111010010001,65536,15650449,1199,4
477,10111011101100111010110001,65536,49204913,3263,4
478,01111011101100111010010001,65536,32427665,959,4
479,11111011101100111010110001,65536,65982129,3263,4
480,00000111100000111010100010,65536,1969826,383,4
481,10000111100000111010100010,65536,35524258,383,4
482,01000111100000111010100010,65536,18747042,383,4
483,11000111100000111010100010,65536,52301474,383,4
484,00100111100000111010100011,65536,10358435,383,4
485,10100111100000111010100011,65536,43912867,383,4
486,01100111100000111010100011,65536,27135651,383,4
487,11100111100000111010100011,65536,60690083,383,4
488,00010111101100111010110000,65536,6213296,4223,3
489,10010111101100111010110000,65536,39767728,4223,3
490,01010111101100111010110000,65536,22990512,4223,3
491,11010111101100111010110000,65536,56544944,4223,3
492,00110111101100111010110001,65536,14601905,4223,3
493,10110111101100111010110001,65536,48156337,4223,3
494,01110111101100111010110001,65536,31379121,4223,3
495,11110111101100111010110001,65536,64933553,4223,3
496,00001111100000111010100010,65536,4066978,319,5
497,10001111100000111010100010,65536,37621410,319,5
498,01001111100000111010100010,65536,20844194,319,5
499,11001111100000111010100010,65536,54398626,319,5
500,00101111100000111010100011,65536,12455587,319,5
501,10101111100000111010100011,65536,46010019,319,5
502,01101111100000111010100011,65536,29232803,319,5
503,11101111100000111010100011,65536,62787235,319,5
504,00011111101100111010110000,65536,8310448,3263,4
505,10011111101100111010110000,65536,41864880,3263,4
506,01011111101100111010110000,65536,25087664,3263,4
507,11011111101100111010110000,65536,58642096,3263,4
508,00111111101100111010110001,65536,16699057,3263,4
509,10111111101100111010110001,65536,50253489,3263,4
510,01111111101100111010110001,65536,33476273,3263,4
511,11111111101100111010110001,65536,67030705,3263,4
512,00000000010000111010000010,65536,69250,127,4
513,10000000010000111010000010,65536,33623682,127,4
514,01000000010000111010000010,65536,16846466,127,4
515,11000000010000111010000010,65536,50400898,127,4
516,00100000010000111010000011,65536,8457859,127,4
517,10100000010000111010000011,65536,42012291,127,4
518,01100000010000111010000011,65536,25235075,127,4
519,11100000010000111010000011,65536,58789507,127,4
520,00010000011100111010010000,65536,4312720,1743,3
521,10010000011100111010010000,65536,37867152,1727,3
522,01010000011100111010010000,65536,21089936,1407,3
523,11010000011100111010010000,65536,54644368,1407,3
524,00110000011100111010010001,65536,12701329,1743,3
525,10110000011100111010010001,65536,46255761,1727,3
526,01110000011100111010010001,65536,29478545,1407,3
527,11110000011100111010010001,65536,63032977,1407,3
528,00001000010000111010000010,65536,2166402,63,5
529,10001000010000111010000010,65536,35720834,63,5
530,01001000010000111010000010,65536,18943618,63,5
531,11001000010000111010000010,65536,52498050,63,5
532,00101000010000111010000011,65536,10555011,63,5
533,10101000010000111010000011,65536,44109443,63,5
534,01101000010000111010000011,65536,27332227,63,5
535,11101000010000111010000011,65536,60886659,63,5
536,00011000011100111010010000,65536,6409872,1199,4
537,10011000011100111010010000,65536,39964304,1183,4
538,01011000011100111010010000,65536,23187088,959,4
539,11011000011100111010010000,65536,56741520,959,4
540,00111000011100111010010001,65536,14798481,1199,4
541,10111000011100111010010001,65536,48352913,1183,4
542,01111000011100111010010001,65536,31575697,959,4
543,11111000011100111010010001,65536,65130129,959,4
544,00000100010000111010000010,65536,1117826,63,4
545,10000100010000111010000010,65536,34672258,63,4
546,01000100010000111010000010,65536,17895042,63,4
547,11000100010000111010000010,65536,51449474,63,4
548,00100100010000111010000011,65536,9506435,63,4
549,10100100010000111010000011,65536,43060867,63,4
550,01100100010000111010000011,65536,26283651,63,4
551,11100100010000111010000011,65536,59838083,63,4
552,00010100011100111010010000,65536,5361296,1727,3
553,10010100011100111010010000,65536,38915728,1727,3
554,01010100011100111010010000,65536,22138512,1407,3
555,11010100011100111010010000,65536,55692944,1407,3
556,00110100011100111010010001,65536,13749905,1727,3
557,10110100011100111010010001,65536,47304337,1727,3
558,01110100011100111010010001,65536,30527121,1407,3
559,11110100011100111010010001,65536,64081553,1407,3
560,00001100010000111010000010,65536,3214978,31,5
561,10001100010000111010000010,65536,36769410,31,5
562,01001100010000111010000010,65536,19992194,31,5
563,11001100010000111010000010,65536,53546626,31,5
564,00101100010000111010000011,65536,11603587,31,5
565,10101100010000111010000011,65536,45158019,31,5
566,01101100010000111010000011,65536,28380803,31,5
567,11101100010000111010000011,65536,61935235,31,5
568,00011100011100111010010000,65536,7458448,1183,4
569,10011100011100111010010000,65536,41012880,1183,4
570,01011100011100111010010000,65536,24235664,959,4
571,11011100011100111010010000,65536,57790096,959,4
572,00111100011100111010010001,65536,15847057,1183,4
573,10111100011100111010010001,65536,49401489,1183,4
574,01111100011100111010010001,65536,32624273,959,4
575,11111100011100111010010001,65536,66178705,959,4
576,00000010010000111010000010,65536,593538,127,4
577,10000010010000111010100010,65536,34148002,383,4
578,01000010010000111010000010,65536,17370754,127,4
579,11000010010000111010100010,65536,50925218,383,4
580,00100010010000111010000011,65536,8982147,127,4
581,10100010010000111010100011,65536,42536611,383,4
582,01100010010000111010000011,65536,25759363,127,4
583,11100010010000111010100011,65536,59313827,383,4
584,00010010011100111010010000,65536,4837008,1743,3
585,10010010011100111010110000,65536,38391472,4223,3
586,01010010011100111010010000,65536,21614224,1407,3
587,11010010011100111010110000,65536,55168688,4223,3
588,00110010011100111010010001,65536,13225617,1743,3
589,10110010011100111010110001,65536,46780081,4223,3
590,01110010011100111010010001,65536,30002833,1407,3
591,11110010011100111010110001,65536,63557297,4223,3
592,00001010010000111010000010,65536,2690690,63,5
593,10001010010000111010100010,65536,36245154,319,5
594,01001010010000111010000010,65536,19467906,63,5
595,11001010010000111010100010,65536,53022370,319,5
596,00101010010000111010000011,65536,11079299,63,5
597,10101010010000111010100011,65536,44633763,319,5
598,01101010010000111010000011,65536,27856515,63,5
599,11101010010000111010100011,65536,61410979,319,5
600,00011010011100111010010000,65536,6934160,1199,4
601,10011010011100111010110000,65536,40488624,3263,4
602,01011010011100111010010000,65536,23711376,959,4
603,11011010011100111010110000,65536,57265840,3263,4
604,00111010011100111010010001,65536,15322769,1199,4
605,10111010011100111010110001,65536,48877233,3263,4
606,01111010011100111010010001,65536,32099985,959,4
607,11111010011100111010110001,65536,65654449,3263,4
608,00000110010000111010100010,65536,1642146,383,4
609,10000110010000111010100010,65536,35196578,383,4
610,01000110010000111010100010,65536,18419362,383,4
611,11000110010000111010100010,65536,51973794,383,4
612,00100110010000111010100011,65536,10030755,383,4
613,10100110010000111010100011,65536,43585187,383,4
614,01100110010000111010100011,65536,26807971,383,4
615,11100110010000111010100011,65536,60362403,383,4
616,00010110011100111010110000,65536,5885616,4223,3
617,10010110011100111010110000,65536,39440048,4223,3
618,01010110011100111010110000,65536,22662832,4223,3
619,11010110011100111010110000,65536,56217264,4223,3
620,00110110011100111010110001,65536,14274225,4223,3
621,10110110011100111010110001,65536,47828657,4223,3
622,01110110011100111010110001,65536,31051441,4223,3
623,11110110011100111010110001,65536,64605873,4223,3
624,00001110010000111010100010,65536,3739298,319,5
625,10001110010000111010100010,65536,37293730,319,5
626,01001110010000111010100010,65536,20516514,319,5
627,11001110010000111010100010,65536,54070946,319,5
628,00101110010000111010100011,65536,12127907,319,5
629,10101110010000111010100011,65536,45682339,319,5
630,01101110010000111010100011,65536,28905123,319,5
631,11101110010000111010100011,65536,62459555,319,5
632,00011110011100111010110000,65536,7982768,3263,4
633,10011110011100111010110000,65536,41537200,3263,4
634,01011110011100111010110000,65536,24759984,3263,4
635,11011110011100111010110000,65536,58314416,3263,4
636,00111110011100111010110001,65536,16371377,3263,4
637,10111110011100111010110001,65536,49925809,3263,4
638,01111110011100111010110001,65536,33148593,3263,4
639,11111110011100111010110001,65536,66703025,3263,4
640,00000001010000111010000010,65536,331394,127,4
641,10000001010000111010000010,65536,33885826,127,4
642,01000001010000111010000010,65536,17108610,127,4
643,11000001010000111010000010,65536,50663042,127,4
644,00100001010000111010000011,65536,8720003,127,4
645,10100001010000111010000011,65536,42274435,127,4
646,01100001010000111010000011,65536,25497219,127,4
647,11100001010000111010000011,65536,59051651,127,4
648,00010001011100111010010000,65536,4574864,1743,3
649,10010001011100111010010000,65536,38129296,1727,3
650,01010001011100111010010000,65536,21352080,1407,3
651,11010001011100111010010000,65536,54906512,1407,3
652,00110001011100111010010001,65536,12963473,1743,3
653,10110001011100111010010001,65536,46517905,1727,3
654,01110001011100111010010001,65536,29740689,1407,3
655,11110001011100111010010001,65536,63295121,1407,3
656,00001001010000111010000010,65536,2428546,63,5
657,10001001010000111010000010,65536,35982978,63,5
658,01001001010000111010000010,65536,19205762,63,5
659,11001001010000111010000010,65536,52760194,63,5
660,00101001010000111010000011,65536,10817155,63,5
661,10101001010000111010000011,65536,44371587,63,5
662,01101001010000111010000011,65536,27594371,63,5
663,11101001010000111010000011,65536,61148803,63,5
664,00011001011100111010010000,65536,6672016,1199,4
665,10011001011100111010010000,65536,40226448,1183,4
666,01011001011100111010010000,65536,23449232,959,4
667,11011001011100111010010000,65536,57003664,959,4
668,00111001011100111010010001,65536,15060625,1199,4
669,10111001011100111010010001,65536,48615057,1183,4
670,01111001011100111010010001,65536,31837841,959,4
671,11111001011100111010010001,65536,65392273,959,4
672,00000101010000111010000010,65536,1379970,63,4
673,10000101010000111010000010,65536,34934402,63,4
674,01000101010000111010000010,65536,18157186,63,4
675,11000101010000111010000010,65536,51711618,63,4
676,00100101010000111010000011,65536,9768579,63,4
677,10100101010000111010000011,65536,43323011,63,4
678,01100101010000111010000011,65536,26545795,63,4
679,11100101010000111010000011,65536,60100227,63,4
680,00010101011100111010010000,65536,5623440,1727,3
681,10010101011100111010010000,65536,39177872,1727,3
682,01010101011100111010010000,65536,22400656,1407,3
683,11010101011100111010010000,65536,55955088,1407,3
684,00110101011100111010010001,65536,14012049,1727,3
685,10110101011100111010010001,65536,47566481,1727,3
686,01110101011100111010010001,65536,30789265,1407,3
687,11110101011100111010010001,65536,64343697,1407,3
688,00001101010000111010000010,65536,3477122,31,5
689,10001101010000111010000010,65536,37031554,31,5
690,01001101010000111010000010,65536,20254338,31,5
691,11001101010000111010000010,65536,53808770,31,5
692,00101101010000111010000011,65536,11865731,31,5
693,10101101010000111010000011,65536,45420163,31,5
694,01101101010000111010000011,65536,28642947,31,5
695,11101101010000111010000011,65536,62197379,31,5
696,00011101011100111010010000,65536,7720592,1183,4
697,10011101011100111010010000,65536,41275024,1183,4
698,01011101011100111010010000,65536,24497808,959,4
699,11011101011100111010010000,65536,58052240,959,4
700,00111101011100111010010001,65536,16109201,1183,4
701,10111101011100111010010001,65536,49663633,1183,4
702,01111101011100111010010001,65536,32886417,959,4
703,11111101011100111010010001,65536,66440849,959,4
704,00000011010000111010000010,65536,855682,127,4
705,10000011010000111010100010,65536,34410146,383,4
706,01000011010000111010000010,65536,17632898,127,4
707,11000011010000111010100010,65536,51187362,383,4
708,00100011010000111010000011,65536,9244291,127,4
709,10100011010000111010100011,65536,42798755,383,4
710,01100011010000111010000011,65536,26021507,127,4
711,11100011010000111010100011,65536,59575971,383,4
712,00010011011100111010010000,65536,5099152,1743,3
713,10010011011100111010110000,65536,38653616,4223,3
714,01010011011100111010010000,65536,21876368,1407,3
715,11010011011100111010110000,65536,55430832,4223,3
716,00110011011100111010010001,65536,13487761,1743,3
717,10110011011100111010110001,65536,47042225,4223,3
718,01110011011100111010010001,65536,30264977,1407,3
719,11110011011100111010110001,65536,63819441,4223,3
720,00001011010000111010000010,65536,2952834,63,5
721,10001011010000111010100010,65536,36507298,319,5
722,01001011010000111010000010,65536,19730050,63,5
723,11001011010000111010100010,65536,53284514,319,5
724,00101011010000111010000011,65536,11341443,63,5
725,10101011010000111010100011,65536,44895907,319,5
726,01101011010000111010000011,65536,28118659,63,5
727,11101011010000111010100011,65536,61673123,319,5
728,00011011011100111010010000,65536,7196304,1199,4
729,10011011011100111010110000,65536,40750768,3263,4
730,01011011011100111010010000,65536,23973520,959,4
731,11011011011100111010110000,65536,57527984,3263,4
732,00111011011100111010010001,65536,15584913,1199,4
733,10111011011100111010110001,65536,49139377,3263,4
734,01111011011100111010010001,65536,32362129,959,4
735,11111011011100111010110001,65536,65916593,3263,4
736,00000111010000111010100010,65536,1904290,383,4
737,10000111010000111010100010,65536,35458722,383,4
738,01000111010000111010100010,65536,18681506,383,4
739,11000111010000111010100010,65536,52235938,383,4
740,00100111010000111010100011,65536,10292899,383,4
741,10100111010000111010100011,65536,43847331,383,4
742,01100111010000111010100011,65536,27070115,383,4
743,11100111010000111010100011,65536,60624547,383,4
744,00010111011100111010110000,65536,6147760,4223,3
745,10010111011100111010110000,65536,39702192,4223,3
746,01010111011100111010110000,65536,22924976,4223,3
747,11010111011100111010110000,65536,56479408,4223,3
748,00110111011100111010110001,65536,14536369,4223,3
749,10110111011100111010110001,65536,48090801,4223,3
750,01110111011100111010110001,65536,31313585,4223,3
751,11110111011100111010110001,65536,64868017,4223,3
752,00001111010000111010100010,65536,4001442,319,5
753,10001111010000111010100010,65536,37555874,319,5
754,01001111010000111010100010,65536,20778658,319,5
755,11001111010000111010100010,65536,54333090,319,5
756,00101111010000111010100011,65536,12390051,319,5
757,10101111010000111010100011,65536,45944483,319,5
758,01101111010000111010100011,65536,29167267,319,5
759,11101111010000111010100011,65536,62721699,319,5
760,00011111011100111010110000,65536,8244912,3263,4
761,10011111011100111010110000,65536,41799344,3263,4
762,01011111011100111010110000,65536,25022128,3263,4
763,11011111011100111010110000,65536,58576560,3263,4
764,00111111011100111010110001,65536,16633521,3263,4
765,10111111011100111010110001,65536,50187953,3263,4
766,01111111011100111010110001,65536,33410737,3263,4
767,11111111011100111010110001,65536,66965169,3263,4
768,00000000110000111010000010,65536,200322,127,4
769,10000000110000111010000010,65536,33754754,127,4
770,01000000110000111010000010,65536,16977538,127,4
771,11000000110000111010000010,65536,50531970,127,4
772,00100000110000111010000011,65536,8588931,127,4
773,10100000110000111010000011,65536,42143363,127,4
774,01100000110000111010000011,65536,25366147,127,4
775,11100000110000111010000011,65536,58920579,127,4
776,00010000111100111010010000,65536,4443792,1743,3
777,10010000111100111010010000,65536,37998224,1727,3
778,01010000111100111010010000,65536,21221008,1407,3
779,11010000111100111010010000,65536,54775440,1407,3
780,00110000111100111010010001,65536,12832401,1743,3
781,10110000111100111010010001,65536,46386833,1727,3
782,01110000111100111010010001,65536,29609617,1407,3
783,11110000111100111010010001,65536,63164049,1407,3
784,00001000110000111010000010,65536,2297474,63,5
785,10001000110000111010000010,65536,35851906,63,5
786,01001000110000111010000010,65536,19074690,63,5
787,11001000110000111010000010,65536,52629122,63,5
788,00101000110000111010000011,65536,10686083,63,5
789,10101000110000111010000011,65536,44240515,63,5
790,01101000110000111010000011,65536,27463299,63,5
791,11101000110000111010000011,65536,61017731,63,5
792,00011000111100111010010000,65536,6540944,1199,4
793,10011000111100111010010000,65536,40095376,1183,4
794,01011000111100111010010000,65536,23318160,959,4
795,11011000111100111010010000,65536,56872592,959,4
796,00111000111100111010010001,65536,14929553,1199,4
797,10111000111100111010010001,65536,48483985,1183,4
798,01111000111100111010010001,65536,31706769,959,4
799,11111000111100111010010001,65536,65261201,959,4
800,00000100110000111010000010,65536,1248898,63,4
801,10000100110000111010000010,65536,34803330,63,4
802,01000100110000111010000010,65536,18026114,63,4
803,11000100110000111010000010,65536,51580546,63,4
804,00100100110000111010000011,65536,9637507,63,4
805,10100100110000111010000011,65536,43191939,63,4
806,01100100110000111010000011,65536,26414723,63,4
807,11100100110000111010000011,65536,59969155,63,4
808,00010100111100111010010000,65536,5492368,1727,3
809,10010100111100111010010000,65536,39046800,1727,3
810,01010100111100111010010000,65536,22269584,1407,3
811,11010100111100111010010000,65536,55824016,1407,3
812,00110100111100111010010001,65536,13880977,1727,3
813,10110100111100111010010001,65536,47435409,1727,3
814,01110100111100111010010001,65536,30658193,1407,3
815,11110100111100111010010001,65536,64212625,1407,3
816,00001100110000111010000010,65536,3346050,31,5
817,10001100110000111010000010,65536,36900482,31,5
818,01001100110000111010000010,65536,20123266,31,5
819,11001100110000111010000010,65536,53677698,31,5
820,00101100110000111010000011,65536,11734659,31,5
821,10101100110000111010000011,65536,45289091,31,5
822,01101100110000111010000011,65536,28511875,31,5
823,11101100110000111010000011,65536,62066307,31,5
824,00011100111100111010010000,65536,7589520,1183,4
825,10011100111100111010010000,65536,41143952,1183,4
826,01011100111100111010010000,65536,24366736,959,4
827,11011100111100111010010000,65536,57921168,959,4
828,00111100111100111010010001,65536,15978129,1183,4
829,10111100111100111010010001,65536,49532561,1183,4
830,01111100111100111010010001,65536,32755345,959,4
831,11111100111100111010010001,65536,66309777,959,4
832,00000010110000111010000010,65536,724610,127,4
833,10000010110000111010100010,65536,34279074,383,4
834,01000010110000111010000010,65536,17501826,127,4
835,11000010110000111010100010,65536,51056290,383,4
836,00100010110000111010000011,65536,9113219,127,4
837,10100010110000111010100011,65536,42667683,383,4
838,01100010110000111010000011,65536,25890435,127,4
839,11100010110000111010100011,65536,59444899,383,4
840,00010010111100111010010000,65536,4968080,1743,3
841,10010010111100111010110000,65536,38522544,4223,3
842,01010010111100111010010000,65536,21745296,1407,3
843,11010010111100111010110000,65536,55299760,4223,3
844,00110010111100111010010001,65536,13356689,1743,3
845,10110010111100111010110001,65536,46911153,4223,3
846,01110010111100111010010001,65536,30133905,1407,3
847,11110010111100111010110001,65536,63688369,4223,3
848,00001010110000111010000010,65536,2821762,63,5
849,10001010110000111010100010,65536,36376226,319,5
850,01001010110000111010000010,65536,19598978,63,5
851,11001010110000111010100010,65536,53153442,319,5
852,00101010110000111010000011,65536,11210371,63,5
853,10101010110000111010100011,65536,44764835,319,5
854,01101010110000111010000011,65536,27987587,63,5
855,11101010110000111010100011,65536,61542051,319,5
856,00011010111100111010010000,65536,7065232,1199,4
857,10011010111100111010110000,65536,40619696,3263,4
858,01011010111100111010010000,65536,23842448,959,4
859,11011010111100111010110000,65536,57396912,3263,4
860,00111010111100111010010001,65536,15453841,1199,4
861,10111010111100111010110001,65536,49008305,3263,4
862,01111010111100111010010001,65536,32231057,959,4
863,11111010111100111010110001,65536,65785521,3263,4
864,00000110110000111010100010,65536,1773218,383,4
865,10000110110000111010100010,65536,35327650,383,4
866,01000110110000111010100010,65536,18550434,383,4
867,11000110110000111010100010,65536,52104866,383,4
868,00100110110000111010100011,65536,10161827,383,4
869,10100110110000111010100011,65536,43716259,383,4
870,01100110110000111010100011,65536,26939043,383,4
871,11100110110000111010100011,65536,60493475,383,4
872,00010110111100111010110000,65536,6016688,4223,3
873,10010110111100111010110000,65536,39571120,4223,3
874,01010110111100111010110000,65536,22793904,4223,3
875,11010110111100111010110000,65536,56348336,4223,3
876,00110110111100111010110001,65536,14405297,4223,3
877,10110110111100111010110001,65536,47959729,4223,3
878,01110110111100111010110001,65536,31182513,4223,3
879,11110110111100111010110001,65536,64736945,4223,3
880,00001110110000111010100010,65536,3870370,319,5
881,10001110110000111010100010,65536,37424802,319,5
882,01001110110000111010100010,65536,20647586,319,5
883,11001110110000111010100010,65536,54202018,319,5
884,00101110110000111010100011,65536,12258979,319,5
885,10101110110000111010100011,65536,45813411,319,5
886,01101110110000111010100011,65536,29036195,319,5
887,11101110110000111010100011,65536,62590627,319,5
888,00011110111100111010110000,65536,8113840,3263,4
889,10011110111100111010110000,65536,41668272,3263,4
890,01011110111100111010110000,65536,24891056,3263,4
891,11011110111100111010110000,65536,58445488,3263,4
892,00111110111100111010110001,65536,16502449,3263,4
893,10111110111100111010110001,65536,50056881,3263,4
894,01111110111100111010110001,65536,33279665,3263,4
895,11111110111100111010110001,65536,66834097,3263,4
896,00000001110000111010000010,65536,462466,127,4
897,10000001110000111010000010,65536,34016898,127,4
898,01000001110000111010000010,65536,17239682,127,4
899,11000001110000111010000010,65536,50794114,127,4
900,00100001110000111010000011,65536,8851075,127,4
901,10100001110000111010000011,65536,42405507,127,4
902,01100001110000111010000011,65536,25628291,127,4
903,11100001110000111010000011,65536,59182723,127,4
904,00010001111100111010010000,65536,4705936,1743,3
905,10010001111100111010010000,65536,38260368,1727,3
906,01010001111100111010010000,65536,21483152,1407,3
907,11010001111100111010010000,65536,55037584,1407,3
908,00110001111100111010010001,65536,13094545,1743,3
909,10110001111100111010010001,65536,46648977,1727,3
910,01110001111100111010010001,65536,29871761,1407,3
911,11110001111100111010010001,65536,63426193,1407,3
912,00001001110000111010000010,65536,2559618,63,5
913,10001001110000111010000010,65536,36114050,63,5
914,01001001110000111010000010,65536,19336834,63,5
915,11001001110000111010000010,65536,52891266,63,5
916,00101001110000111010000011,65536,10948227,63,5
917,10101001110000111010000011,65536,44502659,63,5
918,01101001110000111010000011,65536,27725443,63,5
919,11101001110000111010000011,65536,61279875,63,5
920,00011001111100111010010000,65536,6803088,1199,4
921,10011001111100111010010000,65536,40357520,1183,4
922,01011001111100111010010000,65536,23580304,959,4
923,11011001111100111010010000,65536,57134736,959,4
924,00111001111100111010010001,65536,15191697,1199,4
925,10111001111100111010010001,65536,48746129,1183,4
926,01111001111100111010010001,65536,31968913,959,4
927,11111001111100111010010001,65536,65523345,959,4
928,00000101110000111010000010,65536,1511042,63,4
929,10000101110000111010000010,65536,35065474,63,4
930,01000101110000111010000010,65536,18288258,63,4
931,11000101110000111010000010,65536,51842690,63,4
932,00100101110000111010000011,65536,9899651,63,4
933,10100101110000111010000011,65536,43454083,63,4
934,01100101110000111010000011,65536,26676867,63,4
935,11100101110000111010000011,65536,60231299,63,4
936,00010101111100111010010000,65536,5754512,1727,3
937,10010101111100111010010000,65536,39308944,1727,3
938,01010101111100111010010000,65536,22531728,1407,3
939,11010101111100111010010000,65536,56086160,1407,3
940,00110101111100111010010001,65536,14143121,1727,3
941,10110101111100111010010001,65536,47697553,1727,3
942,01110101111100111010010001,65536,30920337,1407,3
943,11110101111100111010010001,65536,64474769,1407,3
944,00001101110000111010000010,65536,3608194,31,5
945,10001101110000111010000010,65536,37162626,31,5
946,01001101110000111010000010,65536,20385410,31,5
947,11001101110000111010000010,65536,53939842,31,5
948,00101101110000111010000011,65536,11996803,31,5
949,10101101110000111010000011,65536,45551235,31,5
950,01101101110000111010000011,65536,28774019,31,5
951,11101101110000111010000011,65536,62328451,31,5
952,00011101111100111010010000,65536,7851664,1183,4
953,10011101111100111010010000,65536,41406096,1183,4
954,01011101111100111010010000,65536,24628880,959,4
955,11011101111100111010010000,65536,58183312,959,4
956,00111101111100111010010001,65536,16240273,1183,4
957,10111101111100111010010001,65536,49794705,1183,4
958,01111101111100111010010001,65536,33017489,959,4
959,11111101111100111010010001,65536,66571921,959,4
960,00000011110000111010000010,65536,986754,127,4
961,10000011110000111010100010,65536,34541218,383,4
962,01000011110000111010000010,65536,17763970,127,4
963,11000011110000111010100010,65536,51318434,383,4
964,00100011110000111010000011,65536,9375363,127,4
965,10100011110000111010100011,65536,42929827,383,4
966,01100011110000111010000011,65536,26152579,127,4
967,11100011110000111010100011,65536,59707043,383,4
968,00010011111100111010010000,65536,5230224,1743,3
969,10010011111100111010110000,65536,38784688,4223,3
970,01010011111100111010010000,65536,22007440,1407,3
971,11010011111100111010110000,65536,55561904,4223,3
972,00110011111100111010010001,65536,13618833,1743,3
973,10110011111100111010110001,65536,47173297,4223,3
974,01110011111100111010010001,65536,30396049,1407,3
975,11110011111100111010110001,65536,63950513,4223,3
976,00001011110000111010000010,65536,3083906,63,5
977,10001011110000111010100010,65536,36638370,319,5
978,01001011110000111010000010,65536,19861122,63,5
979,11001011110000111010100010,65536,53415586,319,5
980,00101011110000111010000011,65536,11472515,63,5
981,10101011110000111010100011,65536,45026979,319,5
982,01101011110000111010000011,65536,28249731,63,5
983,11101011110000111010100011,65536,61804195,319,5
984,00011011111100111010010000,65536,7327376,1199,4
985,10011011111100111010110000,65536,40881840,3263,4
986,01011011111100111010010000,65536,24104592,959,4
987,11011011111100111010110000,65536,57659056,3263,4
988,00111011111100111010010001,65536,15715985,1199,4
989,10111011111100111010110001,65536,49270449,3263,4
990,01111011111100111010010001,65536,32493201,959,4
991,11111011111100111010110001,65536,66047665,3263,4
992,00000111110000111010100010,65536,2035362,383,4
993,10000111110000111010100010,65536,35589794,383,4
994,01000111110000111010100010,65536,18812578,383,4
995,11000111110000111010100010,65536,52367010,383,4
996,00100111110000111010100011,65536,10423971,383,4
997,10100111110000111010100011,65536,43978403,383,4
998,01100111110000111010100011,65536,27201187,383,4
999,11100111110000111010100011,65536,60755619,383,4
1000,00010111111100111010110000,65536,6278832,4223,3
1001,10010111111100111010110000,65536,39833264,4223,3
1002,01010111111100111010110000,65536,23056048,4223,3
1003,11010111111100111010110000,65536,56610480,4223,3
1004,00110111111100111010110001,65536,14667441,4223,3
1005,10110111111100111010110001,65536,48221873,4223,3
1006,01110111111100111010110001,65536,31444657,4223,3
1007,11110111111100111010110001,65536,64999089,4223,3
1008,00001111110000111010100010,65536,4132514,319,5
1009,10001111110000111010100010,65536,37686946,319,5
1010,01001111110000111010100010,65536,20909730,319,5
1011,11001111110000111010100010,65536,54464162,319,5
1012,00101111110000111010100011,65536,12521123,319,5
1013,10101111110000111010100011,65536,46075555,319,5
1014,01101111110000111010100011,65536,29298339,319,5
1015,11101111110000111010100011,65536,62852771,319,5
1016,00011111111100111010110000,65536,8375984,3263,4
1017,10011111111100111010110000,65536,41930416,3263,4
1018,01011111111100111010110000,65536,25153200,3263,4
1019,11011111111100111010110000,65536,58707632,3263,4
1020,00111111111100111010110001,65536,16764593,3263,4
1021,10111111111100111010110001,65536,50319025,3263,4
1022,01111111111100111010110001,65536,33541809,3263,4
1023,11111111111100111010110001,65536,67096241,3263,4
1024,00000000000101000000010000,15360,20496,495,3
1025,10000000000101000000010000,15360,33574928,511,3
1026,01000000000101000100110100,40960,16798004,383,4
1027,11000000000101000100110100,40960,50352436,383,4
1028,00100000000101000000010001,15360,8409105,495,3
1029,10100000000101000000010001,15360,41963537,511,3
1030,01100000000101000100110101,40960,25186613,383,4
1031,11100000000101000100110101,40960,58741045,383,4
1032,00001000000111000001011000,15360,2125912,175,5
1033,10001000000111000001011000,15360,35680344,191,5
1034,01001000000101000100110100,40960,18895156,383,6
1035,11001000000101000100110100,40960,52449588,383,6
1036,00101000000111000001011001,15360,10514521,175,5
1037,10101000000111000001011001,15360,44068953,191,5
1038,01101000000101000100110101,40960,27283765,383,6
1039,11101000000101000100110101,40960,60838197,383,6
1040,00000010000101000000010000,15360,544784,495,3
1041,10000010000100100000110000,40960,34097200,2687,3
1042,01000010000101000100110100,40960,17322292,383,4
1043,11000010000100100000110000,40960,50874416,2687,3
1044,00100010000101000000010001,15360,8933393,495,3
1045,10100010000100100000110001,40960,42485809,2687,3
1046,01100010000101000100110101,40960,25710901,383,4
1047,11100010000100100000110001,40960,59263025,2687,3
1048,00001010000111000001011000,15360,2650200,175,5
1049,10001010000110100001111000,40960,36202616,767,5
1050,01001010000101000100110100,40960,19419444,383,6
1051,11001010000110100001111000,40960,52979832,767,5
1052,00101010000111000001011001,15360,11038809,175,5
1053,10101010000110100001111001,40960,44591225,767,5
1054,01101010000101000100110101,40960,27808053,383,6
1055,11101010000110100001111001,40960,61368441,767,5
1056,00000110000100100000110000,40960,1591344,2687,3
1057,10000110000100100000110000,40960,35145776,2687,3
1058,01000110000100100000110000,40960,18368560,2687,3
1059,11000110000100100000110000,40960,51922992,2687,3
1060,00100110000100100000110001,40960,9979953,2687,3
1061,10100110000100100000110001,40960,43534385,2687,3
1062,01100110000100100000110001,40960,26757169,2687,3
1063,11100110000100100000110001,40960,60311601,2687,3
1064,00001110000110100001111000,40960,3696760,767,5
1065,10001110000110100001111000,40960,37251192,767,5
1066,01001110000110100001111000,40960,20473976,767,5
1067,11001110000110100001111000,40960,54028408,767,5
1068,00101110000110100001111001,40960,12085369,767,5
1069,10101110000110100001111001,40960,45639801,767,5
1070,01101110000110100001111001,40960,28862585,767,5
1071,11101110000110100001111001,40960,62417017,767,5
1072,00000001000101000000010000,15360,282640,495,3
1073,10000001000101000000010000,15360,33837072,511,3
1074,01000001000101000100110100,40960,17060148,383,4
1075,11000001000101000100110100,40960,50614580,383,4
1076,00100001000101000000010001,15360,8671249,495,3
1077,10100001000101000000010001,15360,42225681,511,3
1078,01100001000101000100110101,40960,25448757,383,4
1079,11100001000101000100110101,40960,59003189,383,4
1080,00001001000111000001011000,15360,2388056,175,5
1081,10001001000111000001011000,15360,35942488,191,5
1082,01001001000101000100110100,40960,19157300,383,6
1083,11001001000101000100110100,40960,52711732,383,6
1084,00101001000111000001011001,15360,10776665,175,5
1085,10101001000111000001011001,15360,44331097,191,5
1086,01101001000101000100110101,40960,27545909,383,6
1087,11101001000101000100110101,40960,61100341,383,6
1088,00000011000101000000010000,15360,806928,495,3
1089,10000011000100100000110000,40960,34359344,2687,3
1090,01000011000101000100110100,40960,17584436,383,4
1091,11000011000100100000110000,40960,51136560,2687,3
1092,00100011000101000000010001,15360,9195537,495,3
1093,10100011000100100000110001,40960,42747953,2687,3
1094,01100011000101000100110101,40960,25973045,383,4
1095,11100011000100100000110001,40960,59525169,2687,3
1096,00001011000111000001011000,15360,2912344,175,5
1097,10001011000110100001111000,40960,36464760,767,5
1098,01001011000101000100110100,40960,19681588,383,6
1099,11001011000110100001111000,40960,53241976,767,5
1100,00101011000111000001011001,15360,11300953,175,5
1101,10101011000110100001111001,40960,44853369,767,5
1102,01101011000101000100110101,40960,28070197,383,6
1103,11101011000110100001111001,40960,61630585,767,5
1104,00000111000100100000110000,40960,1853488,2687,3
1105,10000111000100100000110000,40960,35407920,2687,3
1106,01000111000100100000110000,40960,18630704,2687,3
1107,11000111000100100000110000,40960,52185136,2687,3
1108,00100111000100100000110001,40960,10242097,2687,3
1109,10100111000100100000110001,40960,43796529,2687,3
1110,01100111000100100000110001,40960,27019313,2687,3
1111,11100111000100100000110001,40960,60573745,2687,3
1112,00001111000110100001111000,40960,3958904,767,5
1113,10001111000110100001111000,40960,37513336,767,5
1114,01001111000110100001111000,40960,20736120,767,5
1115,11001111000110100001111000,40960,54290552,767,5
1116,00101111000110100001111001,40960,12347513,767,5
1117,10101111000110100001111001,40960,45901945,767,5
1118,01101111000110100001111001,40960,29124729,767,5
1119,11101111000110100001111001,40960,62679161,767,5
1120,00000000100101000000010000,15360,151568,495,3
1121,10000000100101000000010000,15360,33706000,511,3
1122,01000000100101000100110100,40960,16929076,383,4
1123,11000000100101000100110100,40960,50483508,383,4
1124,00100000100101000000010001,15360,8540177,495,3
1125,10100000100101000000010001,15360,42094609,511,3
1126,01100000100101000100110101,40960,25317685,383,4
1127,11100000100101000100110101,40960,58872117,383,4
1128,00001000100111000001011000,15360,2256984,175,5
1129,10001000100111000001011000,15360,35811416,191,5
1130,01001000100101000100110100,40960,19026228,383,6
1131,11001000100101000100110100,40960,52580660,383,6
1132,00101000100111000001011001,15360,10645593,175,5
1133,10101000100111000001011001,15360,44200025,191,5
1134,01101000100101000100110101,40960,27414837,383,6
1135,11101000100101000100110101,40960,60969269,383,6
1136,00000010100101000000010000,15360,675856,495,3
1137,10000010100100100000110000,40960,34228272,2687,3
1138,01000010100101000100110100,40960,17453364,383,4
1139,11000010100100100000110000,40960,51005488,2687,3
1140,00100010100101000000010001,15360,9064465,495,3
1141,10100010100100100000110001,40960,42616881,2687,3
1142,01100010100101000100110101,40960,25841973,383,4
1143,11100010100100100000110001,40960,59394097,2687,3
1144,00001010100111000001011000,15360,2781272,175,5
1145,10001010100110100001111000,40960,36333688,767,5
1146,01001010100101000100110100,40960,19550516,383,6
1147,11001010100110100001111000,40960,53110904,767,5
1148,00101010100111000001011001,15360,11169881,175,5
1149,10101010100110100001111001,40960,44722297,767,5
1150,01101010100101000100110101,40960,27939125,383,6
1151,11101010100110100001111001,40960,61499513,767,5
1152,00000110100100100000110000,40960,1722416,2687,3
1153,10000110100100100000110000,40960,35276848,2687,3
1154,01000110100100100000110000,40960,18499632,2687,3
1155,11000110100100100000110000,40960,52054064,2687,3
1156,00100110100100100000110001,40960,10111025,2687,3
1157,10100110100100100000110001,40960,43665457,2687,3
1158,01100110100100100000110001,40960,26888241,2687,3
1159,11100110100100100000110001,40960,60442673,2687,3
1160,00001110100110100001111000,40960,3827832,767,5
1161,10001110100110100001111000,40960,37382264,767,5
1162,01001110100110100001111000,40960,20605048,767,5
1163,11001110100110100001111000,40960,54159480,767,5
1164,00101110100110100001111001,40960,12216441,767,5
1165,10101110100110100001111001,40960,45770873,767,5
1166,01101110100110100001111001,40960,28993657,767,5
1167,11101110100110100001111001,40960,62548089,767,5
1168,00000000000001000000010000,6048,4112,111,4
1169,01000000000001000100110110,16512,16781622,95,4
1170,00100000000001000000010001,6048,8392721,111,4
1171,01100000000001000100110111,16512,25170231,95,4
1172,00000010000001000000010000,6048,528400,111,4
1173,01000010000001000100110110,16512,17305910,95,4
1174,00100010000001000000010001,6048,8917009,111,4
1175,01100010000001000100110111,16512,25694519,95,4
1176,00000001000001000000010000,6048,266256,111,4
1177,01000001000001000100110110,16512,17043766,95,4
1178,00100001000001000000010001,6048,8654865,111,4
1179,01100001000001000100110111,16512,25432375,95,4
1180,00000011000001000000010000,6048,790544,111,4
1181,01000011000001000100110110,16512,17568054,95,4
1182,00100011000001000000010001,6048,9179153,111,4
1183,01100011000001000100110111,16512,25956663,95,4
1184,00000000100001000000010000,6048,135184,111,4
1185,01000000100001000100110110,16512,16912694,95,4
1186,00100000100001000000010001,6048,8523793,111,4
1187,01100000100001000100110111,16512,25301303,95,4
1188,00000010100001000000010000,6048,659472,111,4
1189,01000010100001000100110110,16512,17436982,95,4
1190,00100010100001000000010001,6048,9048081,111,4
1191,01100010100001000100110111,16512,25825591,95,4
1192,01001000000000000100100110,5472,18874662,127,3
1193,01101000000000000100100111,5472,27263271,127,3
1194,01001010000000000100100110,5472,19398950,127,3
1195,01101010000000000100100111,5472,27787559,127,3
1196,01001001000000000100100110,5472,19136806,127,3
1197,01101001000000000100100111,5472,27525415,127,3
1198,01001011000000000100100110,5472,19661094,127,3
1199,01101011000000000100100111,5472,28049703,127,3
1200,01001000100000000100100110,5472,19005734,127,3
1201,01101000100000000100100111,5472,27394343,127,3
1202,01001010100000000100100110,5472,19530022,127,3
1203,01101010100000000100100111,5472,27918631,127,3
1204,00000000000000000100100110,4896,294,127,3
1205,10000000000001000100110110,15360,33558838,127,4
1206,00100000000000000100100111,4896,8388903,127,3
1207,10100000000001000100110111,15360,41947447,127,4
1208,00010000001101000100110100,40960,4247860,383,4
1209,10010000001101000100110100,40960,37802292,383,4
1210,00110000001101000100110101,40960,12636469,383,4
1211,10110000001101000100110101,40960,46190901,383,4
1212,00001000000000000100100110,3600,2097446,127,3
1213,10001000000001000100110110,15360,35655990,127,6
1214,00101000000000000100100111,3600,10486055,127,3
1215,10101000000001000100110111,15360,44044599,127,6
1216,00011000001101000100110100,40960,6345012,383,6
1217,10011000001101000100110100,40960,39899444,383,6
1218,00111000001101000100110101,40960,14733621,383,6
1219,10111000001101000100110101,40960,48288053,383,6
1220,00000100000101000100110100,40960,1069364,383,4
1221,10000100000101000100110100,40960,34623796,383,4
1222,00100100000101000100110101,40960,9457973,383,4
1223,10100100000101000100110101,40960,43012405,383,4
1224,00010100001101000100110100,40960,5296436,383,4
1225,10010100001101000100110100,40960,38850868,383,4
1226,00110100001101000100110101,40960,13685045,383,4
1227,10110100001101000100110101,40960,47239477,383,4
1228,00001100000101000100110100,40960,3166516,383,6
1229,10001100000101000100110100,40960,36720948,383,6
1230,00101100000101000100110101,40960,11555125,383,6
1231,10101100000101000100110101,40960,45109557,383,6
1232,00011100001101000100110100,40960,7393588,383,6
1233,10011100001101000100110100,40960,40948020,383,6
1234,00111100001101000100110101,40960,15782197,383,6
1235,10111100001101000100110101,40960,49336629,383,6
1236,00000010000000000100100110,4896,524582,127,3
1237,00100010000000000100100111,4896,8913191,127,3
1238,00010010001101000100110100,40960,4772148,383,4
1239,00110010001101000100110101,40960,13160757,383,4
1240,00001010000000000100100110,3600,2621734,127,3
1241,00101010000000000100100111,3600,11010343,127,3
1242,00011010001101000100110100,40960,6869300,383,6
1243,00111010001101000100110101,40960,15257909,383,6
1244,00000001000000000100100110,4896,262438,127,3
1245,10000001000001000100110110,15360,33820982,127,4
1246,00100001000000000100100111,4896,8651047,127,3
1247,10100001000001000100110111,15360,42209591,127,4
1248,00010001001101000100110100,40960,4510004,383,4
1249,10010001001101000100110100,40960,38064436,383,4
1250,00110001001101000100110101,40960,12898613,383,4
1251,10110001001101000100110101,40960,46453045,383,4
1252,00001001000000000100100110,3600,2359590,127,3
1253,10001001000001000100110110,15360,35918134,127,6
1254,00101001000000000100100111,3600,10748199,127,3
1255,10101001000001000100110111,15360,44306743,127,6
1256,00011001001101000100110100,40960,6607156,383,6
1257,10011001001101000100110100,40960,40161588,383,6
1258,00111001001101000100110101,40960,14995765,383,6
1259,10111001001101000100110101,40960,48550197,383,6
1260,00000101000101000100110100,40960,1331508,383,4
1261,10000101000101000100110100,40960,34885940,383,4
1262,00100101000101000100110101,40960,9720117,383,4
1263,10100101000101000100110101,40960,43274549,383,4
1264,00010101001101000100110100,40960,5558580,383,4
1265,10010101001101000100110100,40960,39113012,383,4
1266,00110101001101000100110101,40960,13947189,383,4
1267,10110101001101000100110101,40960,47501621,383,4
1268,00001101000101000100110100,40960,3428660,383,6
1269,10001101000101000100110100,40960,36983092,383,6
1270,00101101000101000100110101,40960,11817269,383,6
1271,10101101000101000100110101,40960,45371701,383,6
1272,00011101001101000100110100,40960,7655732,383,6
1273,10011101001101000100110100,40960,41210164,383,6
1274,00111101001101000100110101,40960,16044341,383,6
1275,10111101001101000100110101,40960,49598773,383,6
1276,00000011000000000100100110,4896,786726,127,3
1277,00100011000000000100100111,4896,9175335,127,3
1278,00010011001101000100110100,40960,5034292,383,4
1279,00110011001101000100110101,40960,13422901,383,4
1280,00001011000000000100100110,3600,2883878,127,3
1281,00101011000000000100100111,3600,11272487,127,3
1282,00011011001101000100110100,40960,7131444,383,6
1283,00111011001101000100110101,40960,15520053,383,6
1284,00000000100000000100100110,4896,131366,127,3
1285,10000000100001000100110110,15360,33689910,127,4
1286,00100000100000000100100111,4896,8519975,127,3
1287,10100000100001000100110111,15360,42078519,127,4
1288,00010000101101000100110100,40960,4378932,383,4
1289,10010000101101000100110100,40960,37933364,383,4
1290,00110000101101000100110101,40960,12767541,383,4
1291,10110000101101000100110101,40960,46321973,383,4
1292,00001000100000000100100110,3600,2228518,127,3
1293,10001000100001000100110110,15360,35787062,127,6
1294,00101000100000000100100111,3600,10617127,127,3
1295,10101000100001000100110111,15360,44175671,127,6
1296,00011000101101000100110100,40960,6476084,383,6
1297,10011000101101000100110100,40960,40030516,383,6
1298,00111000101101000100110101,40960,14864693,383,6
1299,10111000101101000100110101,40960,48419125,383,6
1300,00000100100101000100110100,40960,1200436,383,4
1301,10000100100101000100110100,40960,34754868,383,4
1302,00100100100101000100110101,40960,9589045,383,4
1303,10100100100101000100110101,40960,43143477,383,4
1304,00010100101101000100110100,40960,5427508,383,4
1305,10010100101101000100110100,40960,38981940,383,4
1306,00110100101101000100110101,40960,13816117,383,4
1307,10110100101101000100110101,40960,47370549,383,4
1308,00001100100101000100110100,40960,3297588,383,6
1309,10001100100101000100110100,40960,36852020,383,6
1310,00101100100101000100110101,40960,11686197,383,6
1311,10101100100101000100110101,40960,45240629,383,6
1312,00011100101101000100110100,40960,7524660,383,6
1313,10011100101101000100110100,40960,41079092,383,6
1314,00111100101101000100110101,40960,15913269,383,6
1315,10111100101101000100110101,40960,49467701,383,6
1316,00000010100000000100100110,4896,655654,127,3
1317,00100010100000000100100111,4896,9044263,127,3
1318,00010010101101000100110100,40960,4903220,383,4
1319,00110010101101000100110101,40960,13291829,383,4
1320,00001010100000000100100110,3600,2752806,127,3
1321,00101010100000000100100111,3600,11141415,127,3
1322,00011010101101000100110100,40960,7000372,383,6
1323,00111010101101000100110101,40960,15388981,383,6
1324,00000000000101000100110100,25600,20788,383,4
1325,10000000000101000100110100,25600,33575220,383,4
1326,00100000000101000100110101,25600,8409397,383,4
1327,10100000000101000100110101,25600,41963829,383,4
1328,00001000000101000100110100,25600,2117940,383,6
1329,10001000000101000100110100,25600,35672372,383,6
1330,00101000000101000100110101,25600,10506549,383,6
1331,10101000000101000100110101,25600,44060981,383,6
1332,00000010000101000100110100,25600,545076,383,4
1333,00100010000101000100110101,25600,8933685,383,4
1334,00001010000101000100110100,25600,2642228,383,6
1335,00101010000101000100110101,25600,11030837,383,6
1336,00000001000101000100110100,25600,282932,383,4
1337,10000001000101000100110100,25600,33837364,383,4
1338,00100001000101000100110101,25600,8671541,383,4
1339,10100001000101000100110101,25600,42225973,383,4
1340,00001001000101000100110100,25600,2380084,383,6
1341,10001001000101000100110100,25600,35934516,383,6
1342,00101001000101000100110101,25600,10768693,383,6
1343,10101001000101000100110101,25600,44323125,383,6
1344,00000011000101000100110100,25600,807220,383,4
1345,00100011000101000100110101,25600,9195829,383,4
1346,00001011000101000100110100,25600,2904372,383,6
1347,00101011000101000100110101,25600,11292981,383,6
1348,00000000100101000100110100,25600,151860,383,4
1349,10000000100101000100110100,25600,33706292,383,4
1350,00100000100101000100110101,25600,8540469,383,4
1351,10100000100101000100110101,25600,42094901,383,4
1352,00001000100101000100110100,25600,2249012,383,6
1353,10001000100101000100110100,25600,35803444,383,6
1354,00101000100101000100110101,25600,10637621,383,6
1355,10101000100101000100110101,25600,44192053,383,6
1356,00000010100101000100110100,25600,676148,383,4
1357,00100010100101000100110101,25600,9064757,383,4
1358,00001010100101000100110100,25600,2773300,383,6
1359,00101010100101000100110101,25600,11161909,383,6
1360,00000000000001000100110110,10464,4406,95,4
1361,00100000000001000100110111,10464,8393015,95,4
1362,00001000000001000100110110,11760,2101558,95,6
1363,00101000000001000100110111,11760,10490167,95,6
1364,00000010000001000100110110,10464,528694,95,4
1365,00100010000001000100110111,10464,8917303,95,4
1366,00001010000001000100110110,11760,2625846,95,6
1367,00101010000001000100110111,11760,11014455,95,6
1368,00000001000001000100110110,10464,266550,95,4
1369,00100001000001000100110111,10464,8655159,95,4
1370,00001001000001000100110110,11760,2363702,95,6
1371,00101001000001000100110111,11760,10752311,95,6
1372,00000011000001000100110110,10464,790838,95,4
1373,00100011000001000100110111,10464,9179447,95,4
1374,00001011000001000100110110,11760,2887990,95,6
1375,00101011000001000100110111,11760,11276599,95,6
1376,00000000100001000100110110,10464,135478,95,4
1377,00100000100001000100110111,10464,8524087,95,4
1378,00001000100001000100110110,11760,2232630,95,6
1379,00101000100001000100110111,11760,10621239,95,6
1380,00000010100001000100110110,10464,659766,95,4
1381,00100010100001000100110111,10464,9048375,95,4
1382,00001010100001000100110110,11760,2756918,95,6
1383,00101010100001000100110111,11760,11145527,95,6
